{"_timestamp":1.738216118899132e+09,"_runtime":32084.991241,"_step":25000,"train/loss":0.07029440253973007,"eval/log_Z":-38.30384063720703,"eval/log_Z_lb":-63.002967834472656,"_wandb":{"runtime":32084},"eval/log_Z_learned":-33.353240966796875}